Date,Amount
"Jul 31, 2024",53560948.2
"Jul 31, 2024",-20000
"Jul 25, 2024",123115
"Jul 24, 2024",52132
"Jul 22, 2024",-190000
"Jul 15, 2024",68257.88
"Jul 12, 2024",-94445.01
"Jul 11, 2024",-893
"Jun 27, 2024",-19500
"Jun 21, 2024",-9375
"Jun 6, 2024",214285.18
"Jun 4, 2024",-48325
"May 28, 2024",-44096.44
"May 10, 2024",-216669
"May 8, 2024",210625
"May 3, 2024",482296
"Apr 29, 2024",-35000
"Apr 26, 2024",309678.09
"Apr 22, 2024",-76226.65
"Apr 10, 2024",-65000
"Apr 8, 2024",-52652
"Mar 25, 2024",-8125
"Mar 22, 2024",-118125
"Mar 13, 2024",88277
"Mar 1, 2024",74975.15
"Feb 29, 2024",-40145
"Feb 26, 2024",-49691.23
"Feb 22, 2024",-125000
"Feb 14, 2024",40394
"Feb 2, 2024",-106306
"Jan 19, 2024",-15489
"Jan 16, 2024",85157
"Dec 29, 2023",-82899
"Dec 28, 2023",99667.43
"Dec 21, 2023",410
"Dec 18, 2023",-57500
"Dec 13, 2023",129089
"Nov 30, 2023",-305250
"Nov 27, 2023",-24000
"Nov 13, 2023",-28000
"Nov 3, 2023",-37500
"Nov 2, 2023",-12581
"Oct 27, 2023",-1125
"Oct 23, 2023",-49656.54
"Sep 26, 2023",20794
"Sep 20, 2023",-5625
"Sep 18, 2023",-50000
"Sep 12, 2023",124790
"Sep 8, 2023",-57263
"Sep 7, 2023",25489
"Aug 21, 2023",-83370.04
"Aug 17, 2023",51248.65
"Aug 14, 2023",81478
"Jul 25, 2023",-50964
"Jul 5, 2023",-10000
"Jun 30, 2023",-142737
"Jun 28, 2023",-28000
"Jun 21, 2023",-72688
"Jun 16, 2023",-50000
"Jun 14, 2023",30534.9
"Jun 2, 2023",-893
"Jun 1, 2023",-11004
"May 22, 2023",-46875
"May 18, 2023",40153.48
"Apr 24, 2023",-44164.87
"Apr 18, 2023",-15000
"Apr 14, 2023",-75000
"Apr 3, 2023",-25219
"Mar 13, 2023",-440086
"Mar 9, 2023",58992
"Feb 27, 2023",-46875
"Feb 10, 2023",41427.04
"Feb 1, 2023",38361.24
"Jan 27, 2023",-50000
"Jan 19, 2023",16887.24
"Jan 18, 2023",81228.17
"Dec 29, 2022",79146.51
"Dec 28, 2022",8589
"Dec 27, 2022",-4885.8
"Dec 19, 2022",-7031
"Dec 15, 2022",-93750
"Dec 13, 2022",30724.13
"Dec 12, 2022",-55119
"Dec 8, 2022",-50000
"Nov 30, 2022",147281
"Nov 16, 2022",157109.62
"Nov 14, 2022",-1125
"Oct 19, 2022",-15000
"Sep 30, 2022",-75000
"Sep 28, 2022",-6762
"Sep 27, 2022",-8438
"Sep 23, 2022",-77493
"Sep 15, 2022",122112.62
"Sep 6, 2022",-105975.24
"Aug 25, 2022",28300
"Aug 19, 2022",235690.24
"Aug 11, 2022",-75000
"Aug 5, 2022",-49000
"Aug 3, 2022",-10200
"Aug 2, 2022",-100000
"Jul 21, 2022",390351.6
"Jul 12, 2022",-41250
"Jul 11, 2022",-42837
"Jul 7, 2022",-19688
"Jun 28, 2022",77118.83
"Jun 17, 2022",-55037.29
"Jun 3, 2022",-121696
"May 25, 2022",-17940
"May 9, 2022",-571426.39
"May 5, 2022",-81822
"Apr 21, 2022",159052.82
"Apr 14, 2022",85823.39
"Apr 4, 2022",-194557
"Mar 31, 2022",14291
"Mar 23, 2022",-100417
"Mar 21, 2022",-356121
"Mar 11, 2022",173070.16
"Mar 7, 2022",-23857
"Feb 28, 2022",590197.5
"Feb 24, 2022",-115173
"Feb 22, 2022",-50000
"Feb 3, 2022",13460
"Feb 1, 2022",68937.65
"Jan 31, 2022",-18480.22
"Jan 20, 2022",29716
"Jan 18, 2022",-87500
"Jan 13, 2022",-250000
"Jan 10, 2022",-35020
"Jan 7, 2022",499605
"Dec 31, 2021",81572
"Dec 30, 2021",66889
"Dec 28, 2021",120939.58
"Dec 23, 2021",117932
"Dec 16, 2021",46208.55
"Dec 15, 2021",84301
"Dec 9, 2021",-500299.55
"Dec 6, 2021",-100000
"Nov 30, 2021",238992
"Nov 29, 2021",-48750
"Nov 24, 2021",-203580
"Nov 17, 2021",31384.88
"Nov 11, 2021",119329.15
"Nov 5, 2021",209516.15
"Oct 29, 2021",-242581
"Oct 13, 2021",418423.8905
"Oct 1, 2021",59373
"Sep 29, 2021",-69091.94
"Sep 28, 2021",-128125
"Sep 23, 2021",84995.52
"Sep 10, 2021",135952
"Aug 30, 2021",418561.173
"Aug 27, 2021",86972.16
"Aug 20, 2021",-228067
"Aug 13, 2021",67379.305
"Aug 10, 2021",207447.9
"Aug 2, 2021",-39375
"Jul 29, 2021",-122500
"Jul 26, 2021",171062
"Jul 19, 2021",26988.04
"Jul 12, 2021",84577
"Jul 6, 2021",130375.88
"Jul 2, 2021",-750000
"Jul 1, 2021",-87500
"Jun 25, 2021",-5523
"Jun 24, 2021",-28125
"Jun 23, 2021",68866.31
"Jun 18, 2021",-55833
"Jun 9, 2021",217443.13
"Jun 7, 2021",-180467
"Jun 4, 2021",-22500
"Jun 2, 2021",164816
"May 28, 2021",150203
"May 25, 2021",-9000
"May 24, 2021",297806.04
"May 20, 2021",173910.88
"May 14, 2021",78626
"May 13, 2021",112878
"May 11, 2021",-39876
"May 10, 2021",-750000
"May 5, 2021",170000
"May 4, 2021",87816.35
"Apr 30, 2021",-50000
"Apr 22, 2021",-8972
"Apr 13, 2021",-44096
"Apr 12, 2021",-125000
"Apr 9, 2021",108159.27
"Apr 8, 2021",755120
"Apr 5, 2021",507929.1
"Apr 1, 2021",-77500
"Mar 30, 2021",-12419
"Mar 26, 2021",740563.23
"Mar 19, 2021",-66667
"Mar 16, 2021",-286893
"Mar 15, 2021",122984.07
"Mar 11, 2021",86293
"Feb 26, 2021",173783.75
"Feb 16, 2021",245182.6
"Feb 15, 2021",-82500
"Feb 5, 2021",631791.92
"Feb 2, 2021",-87500
"Jan 25, 2021",-20367
"Jan 22, 2021",199558.28
"Jan 21, 2021",-72500
"Jan 20, 2021",491605
"Jan 11, 2021",146058
"Jan 5, 2021",-97438
"Dec 28, 2020",130128.8
"Dec 23, 2020",121855
"Dec 18, 2020",17037
"Dec 8, 2020",293650.1
"Dec 4, 2020",-280000
"Dec 2, 2020",-18000
"Nov 30, 2020",83389.5
"Nov 18, 2020",-124560
"Nov 17, 2020",-125000
"Nov 12, 2020",-67500
"Nov 10, 2020",77850.79
"Nov 6, 2020",-89285.75
"Oct 27, 2020",-56250
"Oct 21, 2020",74144.59
"Oct 14, 2020",-875
"Oct 7, 2020",-87500
"Oct 2, 2020",-27500
"Oct 1, 2020",58249.11
"Sep 28, 2020",773285
"Sep 17, 2020",345607
"Aug 28, 2020",-12500
"Aug 21, 2020",-33333
"Aug 18, 2020",-45000
"Aug 11, 2020",-155420
"Aug 10, 2020",70950
"Aug 6, 2020",174216.9
"Jul 28, 2020",-105000
"Jul 27, 2020",144104
"Jul 21, 2020",-87500
"Jul 17, 2020",-1500
"Jul 3, 2020",174543.02
"Jun 30, 2020",48850.78
"Jun 23, 2020",-63750
"Jun 22, 2020",370612
"Jun 16, 2020",324834.66
"Jun 8, 2020",-104200
"May 26, 2020",-93334
"May 22, 2020",25699
"May 18, 2020",-33333
"May 11, 2020",-5000
"May 8, 2020",-125000
"Apr 29, 2020",17845
"Apr 24, 2020",243720.07
"Apr 16, 2020",-94461
"Apr 6, 2020",-18157
"Mar 31, 2020",-15000
"Mar 19, 2020",-36809
"Mar 17, 2020",-52500
"Mar 9, 2020",-17108
"Mar 5, 2020",2192
"Mar 3, 2020",-56250
"Feb 19, 2020",81396
"Feb 14, 2020",-150000
"Feb 11, 2020",21443.24
"Feb 10, 2020",40901
"Jan 10, 2020",163415.33
"Dec 30, 2019",-25000
"Dec 20, 2019",-69030
"Dec 19, 2019",-15000
"Nov 20, 2019",112920.8
"Nov 13, 2019",-75000
"Nov 5, 2019",-93750
"Nov 4, 2019",-22500
"Oct 28, 2019",-36050
"Oct 25, 2019",561999
"Oct 18, 2019",42254.55
"Oct 16, 2019",-18000
"Oct 14, 2019",-20000
"Sep 30, 2019",-31967
"Sep 25, 2019",103497.16
"Sep 9, 2019",-26274
"Sep 4, 2019",107092.8
"Aug 30, 2019",-200000
"Aug 26, 2019",-48750
"Aug 23, 2019",29684
"Aug 6, 2019",20433
"Aug 5, 2019",-37500
"Jul 30, 2019",-87500
"Jul 12, 2019",-87500
"Jul 2, 2019",-28125
"Jun 25, 2019",79997.3
"Jun 24, 2019",22955.1
"Jun 21, 2019",185298.76
"Jun 20, 2019",87783.26
"Jun 18, 2019",57837.06
"Jun 17, 2019",26461.5
"Jun 6, 2019",-65000
"Jun 4, 2019",-26596
"May 30, 2019",48723
"May 23, 2019",-250000
"May 16, 2019",-18581
"May 15, 2019",-37500
"May 1, 2019",-18750
"Apr 29, 2019",21599
"Apr 15, 2019",221568.32
"Apr 4, 2019",-106132.6
"Mar 29, 2019",106267.08
"Mar 15, 2019",-112500
"Mar 13, 2019",130712.21
"Mar 8, 2019",145320.56
"Mar 6, 2019",-215000
"Mar 1, 2019",-31028
"Feb 26, 2019",199755.48
"Feb 21, 2019",574074.27
"Feb 15, 2019",-90000
"Feb 13, 2019",-20000
"Feb 7, 2019",368428
"Jan 8, 2019",63567.6
"Dec 31, 2018",5811.66
"Dec 28, 2018",-750000
"Dec 24, 2018",-172250
"Dec 21, 2018",1051
"Dec 19, 2018",105180
"Dec 18, 2018",7319
"Dec 14, 2018",17927
"Dec 3, 2018",-224006
"Nov 29, 2018",158595.6
"Nov 16, 2018",-18000
"Nov 6, 2018",163587.64
"Nov 2, 2018",2897
"Oct 24, 2018",-123080.4
"Oct 19, 2018",228702
"Oct 12, 2018",26248
"Oct 5, 2018",-50625
"Oct 2, 2018",-43750
"Sep 21, 2018",307623.1
"Sep 18, 2018",-12270
"Aug 31, 2018",-17297.26
"Aug 24, 2018",97544.65
"Aug 17, 2018",215072.49
"Aug 15, 2018",-18638.2
"Aug 6, 2018",-122857.3
"Aug 2, 2018",-23757
"Jul 30, 2018",-36000
"Jul 26, 2018",-105000
"Jul 16, 2018",-87500
"Jul 5, 2018",-25781
"Jul 3, 2018",-10912.5
"Jun 28, 2018",167867
"Jun 15, 2018",94749.2
"Jun 11, 2018",-180000
"Jun 4, 2018",-22163
"May 31, 2018",113501.84
"May 17, 2018",95306
"May 15, 2018",214907.83
"May 11, 2018",-26193.76
"May 9, 2018",714456.36
"Apr 27, 2018",-125000.1
"Apr 26, 2018",-76270.4
"Apr 13, 2018",-20000
"Apr 4, 2018",-67500
"Mar 28, 2018",-22163
"Mar 27, 2018",-90000
"Mar 26, 2018",-45000
"Mar 19, 2018",-88625
"Mar 16, 2018",384972.35
"Mar 13, 2018",105418.84
"Mar 8, 2018",-20501
"Feb 26, 2018",-31062.2
"Feb 15, 2018",-68571.45
"Jan 26, 2018",-180000
"Jan 17, 2018",-22163
"Dec 28, 2017",29044.35
"Dec 22, 2017",-26266.02
"Dec 21, 2017",151332.32
"Dec 20, 2017",-87500
"Nov 3, 2017",1010
"Oct 27, 2017",-113034.4
"Oct 16, 2017",-180000
"Oct 13, 2017",-30000
"Oct 6, 2017",-27787.6
"Oct 4, 2017",-87500
"Sep 27, 2017",-17730
"Sep 15, 2017",-69033.4
"Sep 11, 2017",-127500
"Aug 22, 2017",-122770
"Aug 17, 2017",-15985
"Aug 16, 2017",-50625
"Aug 9, 2017",138525.07
"Aug 8, 2017",183909
"Aug 7, 2017",-27000
"Aug 2, 2017",225986.91
"Jul 26, 2017",-90000
"Jul 24, 2017",-57095.8
"Jul 10, 2017",-44326
"Jun 29, 2017",-50625
"Jun 20, 2017",-87500
"Jun 16, 2017",-29878
"Jun 15, 2017",-36309
"Jun 7, 2017",1118425.83
"Jun 5, 2017",76888
"May 30, 2017",-26596
"May 25, 2017",2020
"May 19, 2017",10481.65
"May 11, 2017",207895
"May 1, 2017",-30000
"Apr 24, 2017",-250551
"Apr 18, 2017",-87500
"Mar 31, 2017",360678.44
"Mar 29, 2017",3030
"Mar 17, 2017",-105000
"Mar 10, 2017",-26596
"Feb 22, 2017",57768.6
"Feb 21, 2017",70424.24
"Feb 10, 2017",376732.96
"Jan 31, 2017",-37500
"Jan 30, 2017",-179363
"Jan 27, 2017",-90000
"Jan 26, 2017",-27000
"Jan 18, 2017",-22506
"Jan 5, 2017",-87500
"Dec 30, 2016",-30674
"Dec 28, 2016",16552.8
"Dec 22, 2016",60768
"Dec 20, 2016",-19249
"Dec 1, 2016",326555
"Nov 21, 2016",141287.69
"Nov 17, 2016",-52500
"Oct 31, 2016",96000
"Oct 28, 2016",-78000
"Oct 27, 2016",-33067
"Oct 17, 2016",-120000
"Sep 30, 2016",78642
"Sep 28, 2016",94051.95
"Sep 27, 2016",-99694
"Sep 26, 2016",-60000
"Sep 23, 2016",215927
"Sep 14, 2016",14097
"Sep 12, 2016",-52500
"Sep 6, 2016",-150000
"Aug 29, 2016",203342.4
"Aug 25, 2016",210577
"Aug 24, 2016",150312
"Aug 18, 2016",40898.05
"Aug 16, 2016",110692.28
"Jul 28, 2016",33750
"Jul 15, 2016",-29688
"Jul 6, 2016",-1500
"Jul 1, 2016",-25145
"Jun 28, 2016",182408
"Jun 27, 2016",-66974
"May 25, 2016",50491.05
"May 23, 2016",82507.62
"May 16, 2016",-75000
"May 10, 2016",38806
"May 9, 2016",-27000
"May 4, 2016",5585
"May 3, 2016",-35750
"Apr 22, 2016",-52500
"Apr 1, 2016",-150000
"Mar 31, 2016",6480
"Mar 24, 2016",-113385
"Mar 14, 2016",105135.4
"Mar 1, 2016",-18000
"Feb 3, 2016",-87500
"Jan 22, 2016",120000
"Jan 20, 2016",-225000
"Dec 23, 2015",33839
"Dec 17, 2015",83525
"Dec 8, 2015",-35156
"Dec 4, 2015",-39398.32
"Dec 2, 2015",31306
"Nov 30, 2015",-65625
"Nov 25, 2015",202857.35
"Nov 19, 2015",50895.6
"Nov 18, 2015",88307.01
"Nov 2, 2015",-87500
"Oct 29, 2015",-83785
"Oct 5, 2015",-26596
"Sep 30, 2015",-46675
"Sep 11, 2015",82584.81
"Sep 3, 2015",-25000
"Aug 20, 2015",68213.71
"Aug 11, 2015",86001.3
"Aug 10, 2015",-135594
"Aug 3, 2015",-36809
"Jul 21, 2015",-39375
"Jul 20, 2015",10315
"Jul 15, 2015",-180000
"Jul 10, 2015",-87500
"Jul 8, 2015",93105
"Jul 6, 2015",-75000
"Jun 26, 2015",-30000
"Jun 19, 2015",-66406
"Jun 5, 2015",34634
"Jun 3, 2015",93973.32
"Jun 1, 2015",73868.79
"May 29, 2015",-150000
"May 21, 2015",344499
"May 15, 2015",140094.43
"May 13, 2015",-52500
"May 12, 2015",47624.22
"Apr 30, 2015",-100833
"Apr 21, 2015",-87500
"Apr 10, 2015",-22500
"Apr 9, 2015",234691.68
"Apr 7, 2015",-26596
"Mar 31, 2015",220877
"Mar 25, 2015",-90000
"Mar 6, 2015",218611
"Feb 26, 2015",-51563
"Feb 18, 2015",49660.22
"Feb 13, 2015",41561
"Feb 9, 2015",-15000
"Feb 5, 2015",-120037
"Jan 20, 2015",-270000
"Jan 5, 2015",-87500
"Dec 24, 2014",3355
"Dec 22, 2014",527
"Dec 16, 2014",-31250
"Dec 15, 2014",-22163
"Dec 8, 2014",-67545
"Dec 5, 2014",-32500
"Nov 6, 2014",-18000
"Nov 4, 2014",-45000
"Oct 24, 2014",-35156
"Oct 20, 2014",-75000
"Oct 10, 2014",-225000
"Oct 7, 2014",-73750
"Oct 6, 2014",104836
"Sep 24, 2014",-24413
"Aug 29, 2014",-68986
"Aug 8, 2014",10342.11
"Aug 5, 2014",206253
"Aug 4, 2014",-87500
"Jul 31, 2014",416415.68
"Jul 29, 2014",-53694
"Jul 24, 2014",96375.4
"Jul 17, 2014",-31500
"Jul 15, 2014",-32500
"Jul 14, 2014",-50000
"Jul 7, 2014",-75000
"Jul 3, 2014",-35156
"Jul 2, 2014",-115000
"Jun 16, 2014",-37500
"Jun 2, 2014",-150000
"May 28, 2014",-65625
"May 21, 2014",78405
"May 14, 2014",-25000
"Apr 30, 2014",-150000
"Apr 16, 2014",-39063
"Apr 11, 2014",18958
"Apr 4, 2014",-22500
"Mar 31, 2014",14428
"Mar 25, 2014",-75000
"Mar 11, 2014",-104000
"Feb 19, 2014",148477.04
"Feb 18, 2014",42951
"Feb 5, 2014",-50000
"Jan 17, 2014",-150000
"Jan 8, 2014",-40000
"Jan 7, 2014",-37500
"Dec 30, 2013",91481
"Dec 23, 2013",238352
"Dec 11, 2013",38028.08
"Dec 5, 2013",162500
"Nov 25, 2013",-27000
"Nov 14, 2013",-2600
"Nov 7, 2013",-240625
"Oct 15, 2013",-62500
"Sep 26, 2013",179604.82
"Sep 11, 2013",-65625
"Aug 27, 2013",-90000
"Aug 26, 2013",-38802
"Aug 16, 2013",-12500
"Jul 26, 2013",17729.76
"Jul 15, 2013",-88500
"Jul 1, 2013",-65625
"Jun 27, 2013",-26157
"Jun 26, 2013",108333
"Jun 25, 2013",-80000
"Jun 21, 2013",-50000
"Jun 12, 2013",-28698
"May 21, 2013",-18000
"May 10, 2013",-52500
"May 7, 2013",27724.2
"Apr 26, 2013",-65625
"Mar 26, 2013",-147000
"Mar 8, 2013",-23438
"Feb 13, 2013",-27000
"Jan 31, 2013",16016.66
"Jan 22, 2013",-62500
"Dec 27, 2012",-10000
"Dec 19, 2012",167500
"Dec 11, 2012",138395.6
"Nov 15, 2012",-22500
"Nov 12, 2012",-23034
"Nov 6, 2012",-30000
"Oct 31, 2012",-60000
"Oct 15, 2012",-65625
"Sep 27, 2012",29700
"Sep 7, 2012",110396
"Sep 5, 2012",-72500
"Aug 23, 2012",60810.92
"Aug 1, 2012",-49500
"Jul 25, 2012",83094
"Jul 18, 2012",-72000
"Jul 16, 2012",-87500
"Jul 9, 2012",-27000
"Jul 5, 2012",-65625
"Jul 2, 2012",260476
"Jun 28, 2012",-25000
"Jun 19, 2012",-6250
"Jun 1, 2012",-60000
"May 25, 2012",-35000
"Apr 27, 2012",-43333
"Apr 19, 2012",-60000
"Apr 9, 2012",-62500
"Apr 5, 2012",-65625
"Mar 22, 2012",-39000
"Mar 16, 2012",-45000
"Mar 8, 2012",108338.16
"Mar 2, 2012",-75000
"Feb 21, 2012",-64750
"Jan 17, 2012",-27000
"Dec 29, 2011",-35000
"Dec 20, 2011",-65625
"Dec 19, 2011",-72000
"Nov 28, 2011",-5000
"Nov 15, 2011",119375
"Nov 10, 2011",-54167
"Nov 4, 2011",16159
"Oct 27, 2011",-150000
"Oct 25, 2011",-48000
"Oct 13, 2011",-18750
"Oct 1, 2011",-84375
"Sep 27, 2011",170289
"Sep 15, 2011",-42000
"Sep 8, 2011",-65625
"Aug 26, 2011",-75000
"Aug 25, 2011",-31475
"Aug 19, 2011",59021
"Jul 26, 2011",-65625
"Jul 12, 2011",-28750
"Jun 27, 2011",-150000
"Jun 17, 2011",-21250
"May 24, 2011",-34069
"May 23, 2011",-65625
"May 16, 2011",-25000
"May 12, 2011",76278
"May 9, 2011",210475
"Apr 19, 2011",-125000
"Apr 18, 2011",-90000
"Feb 15, 2011",-68139
"Jan 21, 2011",-28750
"Jan 10, 2011",-173958
"Dec 28, 2010",3776
"Dec 27, 2010",-8750
"Dec 14, 2010",-11565
"Nov 16, 2010",-11250
"Nov 15, 2010",-108333
"Nov 3, 2010",-12500
"Oct 15, 2010",-131250
"Oct 6, 2010",106406
"Oct 1, 2010",-146667
"Sep 27, 2010",-6300
"Sep 23, 2010",-34069
"Aug 30, 2010",25136
"Aug 24, 2010",32139
"Aug 13, 2010",-37500
"Jul 30, 2010",142748
"Jul 8, 2010",196391
"Jun 22, 2010",-105000
"Jun 18, 2010",-7500
"May 27, 2010",214167
"May 26, 2010",-33701
"Apr 22, 2010",-112500
"Apr 19, 2010",540869
"Apr 6, 2010",-3150
"Apr 1, 2010",-37500
"Mar 12, 2010",95824
"Mar 9, 2010",133343.36
"Mar 1, 2010",-17500
"Feb 23, 2010",-65319
"Jan 22, 2010",-75000
"Jan 19, 2010",333115
"Dec 30, 2009",-8750
"Dec 16, 2009",-6000
"Dec 1, 2009",-75000
"Nov 25, 2009",28084
"Nov 24, 2009",10499
"Nov 16, 2009",17263
"Oct 27, 2009",-34069
"Sep 23, 2009",89195
"Sep 18, 2009",-31250
"Sep 1, 2009",142253
"Aug 26, 2009",-37500
"Aug 10, 2009",-75000
"Jul 8, 2009",-43286
"Jun 18, 2009",-26250
"Jun 16, 2009",-3000
"May 28, 2009",68395
"May 20, 2009",215726
"May 15, 2009",-75000
"Apr 21, 2009",-9000
"Apr 3, 2009",-10000
"Mar 31, 2009",15093
"Mar 30, 2009",-23812
"Mar 13, 2009",-5000
"Mar 2, 2009",-14985
"Feb 27, 2009",-10000
"Feb 9, 2009",257360.84
"Jan 27, 2009",-15000
"Dec 11, 2008",-11700
"Nov 13, 2008",111007
"Nov 3, 2008",-52500
"Oct 31, 2008",-112500
"Oct 6, 2008",-75000
"Oct 3, 2008",9671
"Oct 2, 2008",-16600
"Sep 26, 2008",175774
"Sep 15, 2008",-50000
"Sep 10, 2008",145998
"Sep 5, 2008",138549
"Sep 3, 2008",29183
"Aug 22, 2008",-12500
"Aug 15, 2008",-3000
"Aug 11, 2008",66621
"Jul 2, 2008",-75000
"Jul 1, 2008",71254
"Jun 25, 2008",37728
"Jun 5, 2008",-12500
"Jun 4, 2008",172295
"May 29, 2008",-70500
"May 14, 2008",-12500
"May 9, 2008",-61707
"Apr 30, 2008",95539
"Apr 21, 2008",-81500
"Apr 14, 2008",-75000
"Apr 1, 2008",-75000
"Mar 20, 2008",-5000
"Feb 15, 2008",-75000
"Feb 11, 2008",-50000
"Feb 4, 2008",-5313
"Jan 8, 2008",43108
"Jan 3, 2008",-93218
"Dec 21, 2007",-10000
"Dec 19, 2007",-90000
"Dec 11, 2007",16584
"Dec 5, 2007",-14400
"Dec 3, 2007",100000
"Nov 29, 2007",140657
"Nov 28, 2007",-7500
"Nov 27, 2007",-36250
"Nov 16, 2007",-4500
"Oct 29, 2007",14922
"Oct 22, 2007",-78539
"Sep 28, 2007",192976
"Sep 7, 2007",-100000
"Aug 28, 2007",140858
"Aug 24, 2007",-104577
"Aug 23, 2007",-12500
"Aug 20, 2007",-15000
"Aug 15, 2007",-56000
"Jul 20, 2007",10848
"Jul 10, 2007",48047
"Jul 6, 2007",-75000
"Jul 5, 2007",-6000
"Jun 20, 2007",11751
"Jun 8, 2007",-15000
"May 18, 2007",40380
"May 1, 2007",-15000
"Apr 27, 2007",-30000
"Apr 19, 2007",81443
"Mar 29, 2007",-25000
"Mar 23, 2007",-150000
"Mar 5, 2007",-5405
"Feb 28, 2007",-50000
"Jan 18, 2007",-15000
"Dec 27, 2006",-87148
"Dec 26, 2006",-56000
"Dec 19, 2006",-11700
"Nov 29, 2006",-9300
"Nov 22, 2006",-20883
"Nov 8, 2006",-25000
"Nov 7, 2006",31091
"Oct 27, 2006",-75000
"Oct 19, 2006",-50000
"Oct 18, 2006",-10000
"Sep 26, 2006",-101250
"Sep 25, 2006",1283
"Sep 14, 2006",-105000
"Sep 1, 2006",-53900
"Aug 9, 2006",3046
"Jul 28, 2006",-10000
"Jul 26, 2006",199784
"Jul 25, 2006",-25000
"Jul 17, 2006",-92500
"Jul 7, 2006",-104577
"Jul 1, 2006",-12600
"Jun 27, 2006",-25000
"Jun 21, 2006",-75455
"Jun 9, 2006",118412
"May 10, 2006",74000
"May 9, 2006",40573
"May 1, 2006",-75000
"Apr 27, 2006",-21250
"Apr 11, 2006",-50000
"Mar 8, 2006",-20000
"Mar 1, 2006",-25000
"Feb 10, 2006",-21250
"Jan 30, 2006",-197077
"Jan 23, 2006",-24482
"Jan 20, 2006",15191
"Jan 10, 2006",-35000
"Jan 5, 2006",-75000
"Dec 16, 2005",4052
"Dec 15, 2005",-30000
"Nov 22, 2005",1544
"Nov 16, 2005",244095
"Nov 1, 2005",-104577
"Oct 24, 2005",-47000
"Oct 21, 2005",-22500
"Oct 11, 2005",-21250
"Sep 29, 2005",23223
"Sep 26, 2005",-92500
"Sep 2, 2005",-75000
"Aug 26, 2005",-39784
"Aug 18, 2005",-20000
"Aug 1, 2005",-40000
"Jul 26, 2005",-15000
"Jul 22, 2005",12116
"Jun 28, 2005",47053
"Jun 27, 2005",-104577
"Jun 24, 2005",-75000
"Jun 8, 2005",-22500
"Jun 1, 2005",-10000
"May 23, 2005",-31250
"May 20, 2005",39438
"May 6, 2005",1746
"Apr 25, 2005",-70500
"Apr 7, 2005",14614
"Mar 29, 2005",-24482
"Mar 24, 2005",-92500
"Mar 10, 2005",-43750
"Mar 4, 2005",-100000
"Feb 22, 2005",4886
"Feb 2, 2005",-104577
"Jan 28, 2005",-66400
"Jan 25, 2005",1200
"Jan 7, 2005",-7500
"Dec 29, 2004",16896
"Dec 22, 2004",3284
"Dec 20, 2004",-16250
"Dec 6, 2004",-21422
"Nov 24, 2004",13849.32
"Nov 23, 2004",13636
"Nov 18, 2004",1469
"Nov 11, 2004",-10000
"Nov 10, 2004",-122007
"Nov 2, 2004",-40000
"Oct 1, 2004",-50000
"Sep 29, 2004",-10000
"Sep 13, 2004",36534
"Sep 7, 2004",-100000
"Aug 16, 2004",-138750
"Aug 4, 2004",-15000
"Jul 26, 2004",-87148
"Jun 30, 2004",3000
"Jun 28, 2004",-12928.39
"Jun 26, 2004",57541
"Jun 17, 2004",-26318
"Jun 2, 2004",-43750
"May 28, 2004",-87148
"May 14, 2004",-31250
"May 4, 2004",-70659
"May 3, 2004",298
"Apr 12, 2004",-17820
"Mar 31, 2004",-245318
"Mar 25, 2004",765.45
"Mar 15, 2004",-30000
"Mar 12, 2004",-25000
"Mar 1, 2004",71586
"Feb 12, 2004",-18750
"Jan 30, 2004",-87148
"Jan 29, 2004",-7128
"Dec 22, 2003",26172.45
"Dec 12, 2003",-70500
"Dec 2, 2003",-112500
"Nov 17, 2003",-25000
"Oct 21, 2003",-31250
"Oct 7, 2003",77615.55
"Sep 25, 2003",-19586
"Sep 17, 2003",-25000
"Sep 15, 2003",-87500
"Jul 28, 2003",-94184.55
"Jul 18, 2003",40905
"Jul 14, 2003",-31250
"Jun 2, 2003",-87500
"May 23, 2003",-13771
"May 14, 2003",-62500
"May 12, 2003",25288.2
"May 9, 2003",159023.325
"Apr 10, 2003",18380.25
"Mar 28, 2003",6272.1
"Mar 14, 2003",38920.5
"Mar 11, 2003",1341.2
"Feb 3, 2003",-112500
"Jan 27, 2003",-117500
"Dec 9, 2002",-37500
"Oct 24, 2002",-87500
"Oct 1, 2002",-112500
"Sep 9, 2002",33105
"Jul 12, 2002",-117500
"Jun 25, 2002",-25000
"Jun 18, 2002",-17240
"May 15, 2002",-62500
"Mar 2, 2002",-26730
"Feb 25, 2002",21986.1
"Feb 19, 2002",-90000
"Jan 15, 2002",-175000
"Jan 7, 2002",-60000
"Dec 31, 2001",-17964
"Dec 7, 2001",-117500
"Dec 6, 2001",15452.1
"Oct 1, 2001",-23760
"Jul 11, 2001",-13068
"Jun 6, 2001",-235000
"May 31, 2001",-112522.5
"May 25, 2001",36416.25
"May 22, 2001",24343.2
"Apr 17, 2001",266700.6
"Mar 31, 2001",-3797.55
"Mar 28, 2001",14183.1
"Mar 8, 2001",392324.85
"Mar 2, 2001",-5940
"Feb 28, 2001",-235000
"Feb 16, 2001",702442.8
"Feb 15, 2001",106101.325
"Feb 7, 2001",972630.45
"Jan 31, 2001",328206.6
"Jan 19, 2001",182335.05
"Dec 20, 2000",-23760
"Dec 18, 2000",-235000
"Dec 15, 2000",478337.4
"Dec 14, 2000",329285.25
"Dec 13, 2000",1065015
"Dec 5, 2000",496677.15
"Nov 21, 2000",-18414
"Nov 20, 2000",-75000
"Oct 24, 2000",1203426.45
"Oct 13, 2000",-188723
"Sep 26, 2000",362017.35
"Sep 14, 2000",-67500
"Sep 8, 2000",566256.15
"Aug 23, 2000",427871.7
"Aug 21, 2000",2257256.7
"Aug 18, 2000",456942.6
"Aug 17, 2000",-235000
"Aug 11, 2000",-17820
"Aug 10, 2000",4316252.4
"Aug 1, 2000",116010.9
"Jul 21, 2000",289259.1
"Jul 18, 2000",2026046.25
"Jul 14, 2000",61322.4
"Jul 11, 2000",1820151
"Jun 30, 2000",-14689.85
"Jun 29, 2000",98755.2
"Jun 22, 2000",1087396.65
"Jun 15, 2000",28062.45
"May 22, 2000",36404.1
"May 3, 2000",221968.35
"Apr 27, 2000",275375.7
"Apr 25, 2000",267073.2
"Apr 24, 2000",305178.3
"Apr 12, 2000",-235000
"Mar 29, 2000",-23760
"Mar 13, 2000",868052.7
"Mar 7, 2000",410913
"Feb 29, 2000",1042659
"Feb 28, 2000",171450
"Feb 24, 2000",952956.9
"Feb 23, 2000",370087.65
"Feb 22, 2000",594726.3
"Feb 16, 2000",-235000
"Feb 11, 2000",1060384.5
"Feb 10, 2000",318539.25
"Feb 9, 2000",279255.6
"Jan 24, 2000",833384.7
"Jan 14, 2000",-235000
"Dec 16, 1999",-67500
"Nov 22, 1999",-44955
"Oct 29, 1999",13586.4
"Oct 27, 1999",374911.2
"Oct 22, 1999",40618.8
"Oct 21, 1999",429628.05
"Sep 29, 1999",-67500
"Aug 12, 1999",-67500
"Jul 27, 1999",21748.5
"Jul 1, 1999",-45000
"Jun 18, 1999",498738.6
"Jun 4, 1999",131446.8
"May 25, 1999",-67500
"May 6, 1999",317532.15
"Apr 7, 1999",69878.7
"Apr 1, 1999",-30000
"Mar 30, 1999",-67500
"Mar 17, 1999",61007.85
"Feb 11, 1999",-67500
"Oct 21, 1998",-33750
"Aug 26, 1998",-67500
"Aug 4, 1998",70324.2
"Jul 8, 1998",6664.95
"Jun 30, 1998",-67500
"Mar 6, 1998",-67500
"Mar 2, 1998",-67500
"Feb 25, 1998",27778.95
"Feb 10, 1998",35336.25
"Feb 6, 1998",158774.85
"Jan 14, 1998",9201.6
"Jan 8, 1998",-67500
"Oct 6, 1997",-67500
"Sep 10, 1997",99817.65
"Aug 13, 1997",56695.95
"Jun 23, 1997",-67500
"May 19, 1997",-67500
"Apr 17, 1997",7341.3
"Mar 26, 1997",-67500
"Feb 3, 1997",15387.3
"Aug 1, 1996",-67500
"Jul 29, 1996",294042.15
"May 8, 1996",-67500
"Apr 25, 1996",146834.1
"Apr 15, 1996",-33750
"Feb 9, 1996",-33750
"Sep 6, 1995",-33750
"Jul 5, 1995",-33750